{"stats":{"minecraft:killed":{"minecraft:pig":9,"campsite_structures:camper":1},"minecraft:used":{"mteg:flare_gun":2,"mteg:awp":7,"mteg:double_barrel":3,"mteg:wrapped_rifle":58,"mteg:taki":1},"minecraft:picked_up":{"minecraft:porkchop":12},"minecraft:custom":{"minecraft:jump":88,"minecraft:time_since_rest":11460,"minecraft:damage_dealt":20,"minecraft:crouch_one_cm":69,"minecraft:leave_game":2,"minecraft:sprint_one_cm":7689,"minecraft:play_time":11460,"minecraft:time_since_death":11460,"minecraft:walk_one_cm":15061,"minecraft:sneak_time":197,"minecraft:total_world_time":11460,"minecraft:mob_kills":10,"minecraft:fly_one_cm":52037,"minecraft:open_chest":1}},"DataVersion":3120}