{"stats":{"minecraft:mined":{"minecraft:birch_leaves":3},"minecraft:custom":{"minecraft:time_since_rest":2833,"minecraft:open_chest":1,"minecraft:crouch_one_cm":887,"minecraft:walk_one_cm":15002,"minecraft:play_time":8986,"minecraft:sprint_one_cm":18995,"minecraft:damage_taken":400,"minecraft:deaths":1,"minecraft:sneak_time":689,"minecraft:walk_under_water_one_cm":1842,"minecraft:drop":5,"minecraft:jump":182,"minecraft:damage_dealt":81,"minecraft:leave_game":1,"minecraft:time_since_death":2799,"minecraft:walk_on_water_one_cm":76,"minecraft:total_world_time":8986,"minecraft:climb_one_cm":2437,"minecraft:fall_one_cm":1070,"minecraft:fly_one_cm":88249},"minecraft:killed_by":{"minecraft:zombie":1},"minecraft:used":{"minecraft:torch":3},"minecraft:dropped":{"minecraft:torch":5},"minecraft:picked_up":{"minecraft:torch":1,"minecraft:lever":1,"minecraft:mutton":2,"minecraft:white_wool":1}},"DataVersion":3120}