{"stats":{"minecraft:picked_up":{"minecraft:big_dripleaf":2},"minecraft:custom":{"minecraft:jump":51,"minecraft:time_since_rest":1931,"minecraft:leave_game":3,"minecraft:play_time":1931,"minecraft:sprint_one_cm":2529,"minecraft:time_since_death":1931,"minecraft:walk_on_water_one_cm":2261,"minecraft:walk_one_cm":6676,"minecraft:sneak_time":2,"minecraft:total_world_time":4174,"minecraft:climb_one_cm":287,"minecraft:walk_under_water_one_cm":621,"minecraft:swim_one_cm":83,"minecraft:fall_one_cm":422,"minecraft:fly_one_cm":60756}},"DataVersion":3120}