{
  "betteranimalsplus:bad_fox": {
    "criteria": {
      "no_bam": "2024-07-14 21:28:56 -0300"
    },
    "done": false
  },
  "betteranimalsplus:root": {
    "criteria": {
      "tick": "2024-07-14 21:28:35 -0300"
    },
    "done": true
  },
  "bunker_down:first_joined_world": {
    "criteria": {
      "first_joined_world": "2024-07-14 21:28:35 -0300"
    },
    "done": true
  },
  "minecraft:adventure/adventuring_time": {
    "criteria": {
      "minecraft:dripstone_caves": "2024-07-14 21:29:48 -0300",
      "minecraft:meadow": "2024-07-14 21:30:03 -0300"
    },
    "done": false
  },
  "DataVersion": 3120
}